k_cluster,t-SNE1,t-SNE2
0,0.4043219,0.28178152
1,0.25587782,-0.48198134
2,-0.11000995,0.38741583
3,-0.68016154,-0.28891748
4,0.8836921,-0.030798588
